Name,Description,Category,Type,Requirements,Numerical_Values,ID,Notes
"Wake and bake","Bake 1 cookie","Cookies Baked","Normal","Bake 1 cookie total",1,1,""
"Making some dough","Bake 1,000 cookies","Cookies Baked","Normal","Bake 1,000 cookies total",1000,2,""
"So baked right now","Bake 100,000 cookies","Cookies Baked","Normal","Bake 100,000 cookies total",100000,3,""
"Fledgling bakery","Bake 1 million cookies","Cookies Baked","Normal","Bake 1 million cookies total",1000000,4,""
"Affluent bakery","Bake 100 million cookies","Cookies Baked","Normal","Bake 100 million cookies total",100000000,5,""
"World-famous bakery","Bake 1 billion cookies","Cookies Baked","Normal","Bake 1 billion cookies total",1000000000,6,""
"Cosmic bakery","Bake 100 billion cookies","Cookies Baked","Normal","Bake 100 billion cookies total",100000000000,7,""
"Galactic bakery","Bake 1 trillion cookies","Cookies Baked","Normal","Bake 1 trillion cookies total",1000000000000,8,""
"Universal bakery","Bake 100 trillion cookies","Cookies Baked","Normal","Bake 100 trillion cookies total",100000000000000,9,""
"Timeless bakery","Bake 1 quadrillion cookies","Cookies Baked","Normal","Bake 1 quadrillion cookies total",1000000000000000,10,""
"Infinite bakery","Bake 100 quadrillion cookies","Cookies Baked","Normal","Bake 100 quadrillion cookies total",100000000000000000,11,""
"Immortal bakery","Bake 1 quintillion cookies","Cookies Baked","Normal","Bake 1 quintillion cookies total",1000000000000000000,12,""
"Don't stop me now","Bake 100 quintillion cookies","Cookies Baked","Normal","Bake 100 quintillion cookies total",100000000000000000000,13,""
"You can stop now","Bake 1 sextillion cookies","Cookies Baked","Normal","Bake 1 sextillion cookies total",1000000000000000000000,14,""
"Cookies all the way down","Bake 100 sextillion cookies","Cookies Baked","Normal","Bake 100 sextillion cookies total",100000000000000000000000,15,""
"Overdose","Bake 1 septillion cookies","Cookies Baked","Normal","Bake 1 septillion cookies total",1000000000000000000000000,16,""
"How?","Bake 100 septillion cookies","Cookies Baked","Normal","Bake 100 septillion cookies total",100000000000000000000000000,17,""
"Panic at the biscuit","Bake 1 octillion cookies","Cookies Baked","Normal","Bake 1 octillion cookies total",1000000000000000000000000000,18,""
"Bursting at the seams","Bake 100 octillion cookies","Cookies Baked","Normal","Bake 100 octillion cookies total",100000000000000000000000000000,19,""
"Just about full","Bake 1 nonillion cookies","Cookies Baked","Normal","Bake 1 nonillion cookies total",1000000000000000000000000000000,20,""
"Hungry for more","Bake 100 nonillion cookies","Cookies Baked","Normal","Bake 100 nonillion cookies total",100000000000000000000000000000000,21,""
"All the other kids","Bake 1 decillion cookies","Cookies Baked","Normal","Bake 1 decillion cookies total",1000000000000000000000000000000000,22,""
"Sugar high","Bake 100 decillion cookies","Cookies Baked","Normal","Bake 100 decillion cookies total",100000000000000000000000000000000000,23,""
"The land of milk and cookies","Bake 1 undecillion cookies","Cookies Baked","Normal","Bake 1 undecillion cookies total",1000000000000000000000000000000000000,24,""
"He who controls the cookies","Bake 100 undecillion cookies","Cookies Baked","Normal","Bake 100 undecillion cookies total",100000000000000000000000000000000000000,25,""
"Tonight we bake","Bake 1 duodecillion cookies","Cookies Baked","Normal","Bake 1 duodecillion cookies total",1000000000000000000000000000000000000000,26,""
"Baking bad","Bake 100 duodecillion cookies","Cookies Baked","Normal","Bake 100 duodecillion cookies total",100000000000000000000000000000000000000000,27,""
"His cookies over heaven","Bake 1 tredecillion cookies","Cookies Baked","Normal","Bake 1 tredecillion cookies total",1000000000000000000000000000000000000000000,28,""
"The dreams in which I'm baking","Bake 100 tredecillion cookies","Cookies Baked","Normal","Bake 100 tredecillion cookies total",100000000000000000000000000000000000000000000,29,""
"Set for life","Bake 1 quattuordecillion cookies","Cookies Baked","Normal","Bake 1 quattuordecillion cookies total",1000000000000000000000000000000000000000000000,30,""
"What's not clicking","Click the big cookie 15 times","Clicking","Normal","Click the big cookie 15 times",15,31,""
"That's just clicking","Click the big cookie 100 times","Clicking","Normal","Click the big cookie 100 times",100,32,""
"Clicking a lot","Click the big cookie 1,000 times","Clicking","Normal","Click the big cookie 1,000 times",1000,33,""
"Clicktastic","Click the big cookie 10,000 times","Clicking","Normal","Click the big cookie 10,000 times",10000,34,""
"Clickathlon","Click the big cookie 100,000 times","Clicking","Normal","Click the big cookie 100,000 times",100000,35,""
"Clickolympics","Click the big cookie 1 million times","Clicking","Normal","Click the big cookie 1 million times",1000000,36,""
"Clickorama","Click the big cookie 10 million times","Clicking","Normal","Click the big cookie 10 million times",10000000,37,""
"Clickasmic","Click the big cookie 100 million times","Clicking","Normal","Click the big cookie 100 million times",100000000,38,""
"Clickageddon","Click the big cookie 1 billion times","Clicking","Normal","Click the big cookie 1 billion times",1000000000,39,""
"Clicknarok","Click the big cookie 10 billion times","Clicking","Normal","Click the big cookie 10 billion times",10000000000,40,""
"Clickastrophe","Click the big cookie 100 billion times","Clicking","Normal","Click the big cookie 100 billion times",100000000000,41,""
"Clickataclysm","Click the big cookie 1 trillion times","Clicking","Normal","Click the big cookie 1 trillion times",1000000000000,42,""
"Clickpocalypse","Click the big cookie 10 trillion times","Clicking","Normal","Click the big cookie 10 trillion times",10000000000000,43,""
"Clickessiah","Click the big cookie 100 trillion times","Clicking","Normal","Click the big cookie 100 trillion times",100000000000000,44,""
"Clickblivion","Click the big cookie 1 quadrillion times","Clicking","Normal","Click the big cookie 1 quadrillion times",1000000000000000,45,""
"Casual baking","Bake 1 cookie per second","CpS","Normal","Reach 1 CpS",1,46,""
"Hardcore baking","Bake 10 cookies per second","CpS","Normal","Reach 10 CpS",10,47,""
"Steady tasty stream","Bake 100 cookies per second","CpS","Normal","Reach 100 CpS",100,48,""
"Cookie monster","Bake 1,000 cookies per second","CpS","Normal","Reach 1,000 CpS",1000,49,""
"Mass producer","Bake 10,000 cookies per second","CpS","Normal","Reach 10,000 CpS",10000,50,""
"Cookie vortex","Bake 100,000 cookies per second","CpS","Normal","Reach 100,000 CpS",100000,51,""
"Cookie pulsar","Bake 1 million cookies per second","CpS","Normal","Reach 1 million CpS",1000000,52,""
"Cookie quasar","Bake 10 million cookies per second","CpS","Normal","Reach 10 million CpS",10000000,53,""
"Oh hey you're still here","Bake 100 million cookies per second","CpS","Normal","Reach 100 million CpS",100000000,54,""
"Let's never bake again","Bake 1 billion cookies per second","CpS","Normal","Reach 1 billion CpS",1000000000,55,""
"A world filled with cookies","Bake 10 billion cookies per second","CpS","Normal","Reach 10 billion CpS",10000000000,56,""
"When this baby hits 36 quadrillion cookies per hour","Bake 100 billion cookies per second","CpS","Normal","Reach 100 billion CpS",100000000000,57,""
"Fast and delicious","Bake 1 trillion cookies per second","CpS","Normal","Reach 1 trillion CpS",1000000000000,58,""
"Bionic baker","Bake 10 trillion cookies per second","CpS","Normal","Reach 10 trillion CpS",10000000000000,59,""
"The incredible machine","Bake 100 trillion cookies per second","CpS","Normal","Reach 100 trillion CpS",100000000000000,60,""
"Ludicrous speed","Bake 1 quadrillion cookies per second","CpS","Normal","Reach 1 quadrillion CpS",1000000000000000,61,""
"Warp speed","Bake 10 quadrillion cookies per second","CpS","Normal","Reach 10 quadrillion CpS",10000000000000000,62,""
"Ridiculous speed","Bake 100 quadrillion cookies per second","CpS","Normal","Reach 100 quadrillion CpS",100000000000000000,63,""
"Absurd speed","Bake 1 quintillion cookies per second","CpS","Normal","Reach 1 quintillion CpS",1000000000000000000,64,""
"Banana speed","Bake 10 quintillion cookies per second","CpS","Normal","Reach 10 quintillion CpS",10000000000000000000,65,""
"Cookie clicker forever and forever","Bake 100 quintillion cookies per second","CpS","Normal","Reach 100 quintillion CpS",100000000000000000000,66,""
"Overdrive","Bake 1 sextillion cookies per second","CpS","Normal","Reach 1 sextillion CpS",1000000000000000000000,67,""
"Panic! at the biscuit","Bake 10 sextillion cookies per second","CpS","Normal","Reach 10 sextillion CpS",10000000000000000000000,68,""
"Whoah nelly","Bake 100 sextillion cookies per second","CpS","Normal","Reach 100 sextillion CpS",100000000000000000000000,69,""
"Oh my days","Bake 1 septillion cookies per second","CpS","Normal","Reach 1 septillion CpS",1000000000000000000000000,70,""
"Cursor","Have 1 cursor","Building","Normal","Own 1 cursor",1,71,"Building achievement"
"Pointer","Have 10 cursors","Building","Normal","Own 10 cursors",10,72,"Building achievement"
"Hand","Have 25 cursors","Building","Normal","Own 25 cursors",25,73,"Building achievement"
"Finger","Have 50 cursors","Building","Normal","Own 50 cursors",50,74,"Building achievement"
"Thumb","Have 100 cursors","Building","Normal","Own 100 cursors",100,75,"Building achievement"
"Index finger","Have 150 cursors","Building","Normal","Own 150 cursors",150,76,"Building achievement"
"Pinky","Have 200 cursors","Building","Normal","Own 200 cursors",200,77,"Building achievement"
"Carpal tunnel prevention cream","Have 250 cursors","Building","Normal","Own 250 cursors",250,78,"Building achievement"
"Leisure","Have 300 cursors","Building","Normal","Own 300 cursors",300,79,"Building achievement"
"Thousand-finger discount","Have 350 cursors","Building","Normal","Own 350 cursors",350,80,"Building achievement"
"Million-finger discount","Have 400 cursors","Building","Normal","Own 400 cursors",400,81,"Building achievement"
"Billion-finger discount","Have 450 cursors","Building","Normal","Own 450 cursors",450,82,"Building achievement"
"Trillion-finger discount","Have 500 cursors","Building","Normal","Own 500 cursors",500,83,"Building achievement"
"Quadrillion-finger discount","Have 550 cursors","Building","Normal","Own 550 cursors",550,84,"Building achievement"
"Quintillion-finger discount","Have 600 cursors","Building","Normal","Own 600 cursors",600,85,"Building achievement"
"Grandma","Have 1 grandma","Building","Normal","Own 1 grandma",1,86,"Building achievement"
"Grandma's neighbours","Have 10 grandmas","Building","Normal","Own 10 grandmas",10,87,"Building achievement"
"Sloppy kiss","Have 25 grandmas","Building","Normal","Own 25 grandmas",25,88,"Building achievement"
"Retirement home","Have 50 grandmas","Building","Normal","Own 50 grandmas",50,89,"Building achievement"
"Friend of the ancients","Have 100 grandmas","Building","Normal","Own 100 grandmas",100,90,"Building achievement"
"Ruler of the ancients","Have 150 grandmas","Building","Normal","Own 150 grandmas",150,91,"Building achievement"
"The old never bothered me anyway","Have 200 grandmas","Building","Normal","Own 200 grandmas",200,92,"Building achievement"
"The agemaster","Have 250 grandmas","Building","Normal","Own 250 grandmas",250,93,"Building achievement"
"To oldly go","Have 300 grandmas","Building","Normal","Own 300 grandmas",300,94,"Building achievement"
"Aged well","Have 350 grandmas","Building","Normal","Own 350 grandmas",350,95,"Building achievement"
"101st birthday","Have 400 grandmas","Building","Normal","Own 400 grandmas",400,96,"Building achievement"
"Defense of the ancients","Have 450 grandmas","Building","Normal","Own 450 grandmas",450,97,"Building achievement"
"Harvest season","Have 500 grandmas","Building","Normal","Own 500 grandmas",500,98,"Building achievement"
"Bingo center/grandma","Have 550 grandmas","Building","Normal","Own 550 grandmas",550,99,"Building achievement"
"Catacombs of age","Have 600 grandmas","Building","Normal","Own 600 grandmas",600,100,"Building achievement"
"My first farm","Have 1 farm","Building","Normal","Own 1 farm",1,101,"Building achievement"
"Reap what you sow","Have 10 farms","Building","Normal","Own 10 farms",10,102,"Building achievement"
"Farm ill","Have 25 farms","Building","Normal","Own 25 farms",25,103,"Building achievement"
"Perfected agriculture","Have 50 farms","Building","Normal","Own 50 farms",50,104,"Building achievement"
"Homegrown","Have 100 farms","Building","Normal","Own 100 farms",100,105,"Building achievement"
"Gardener extraordinaire","Have 150 farms","Building","Normal","Own 150 farms",150,106,"Building achievement"
"Seedy business","Have 200 farms","Building","Normal","Own 200 farms",200,107,"Building achievement"
"You and the beanstalk","Have 250 farms","Building","Normal","Own 250 farms",250,108,"Building achievement"
"Harvest moon","Have 300 farms","Building","Normal","Own 300 farms",300,109,"Building achievement"
"Make like a tree","Have 350 farms","Building","Normal","Own 350 farms",350,110,"Building achievement"
"Sharpest tool in the shed","Have 400 farms","Building","Normal","Own 400 farms",400,111,"Building achievement"
"Overripe","Have 450 farms","Building","Normal","Own 450 farms",450,112,"Building achievement"
"In the green","Have 500 farms","Building","Normal","Own 500 farms",500,113,"Building achievement"
"It's grown on you","Have 550 farms","Building","Normal","Own 550 farms",550,114,"Building achievement"
"Fruit of the womb","Have 600 farms","Building","Normal","Own 600 farms",600,115,"Building achievement"
"You know the drill","Have 1 mine","Building","Normal","Own 1 mine",1,116,"Building achievement"
"Excavation site","Have 10 mines","Building","Normal","Own 10 mines",10,117,"Building achievement"
"Hollow the earth","Have 25 mines","Building","Normal","Own 25 mines",25,118,"Building achievement"
"Can you dig it","Have 50 mines","Building","Normal","Own 50 mines",50,119,"Building achievement"
"The center of the Earth","Have 100 mines","Building","Normal","Own 100 mines",100,120,"Building achievement"
"Tectonic ambassador","Have 150 mines","Building","Normal","Own 150 mines",150,121,"Building achievement"
"Rushing to the depths","Have 200 mines","Building","Normal","Own 200 mines",200,122,"Building achievement"
"More you know","Have 250 mines","Building","Normal","Own 250 mines",250,123,"Building achievement"
"Rock on","Have 300 mines","Building","Normal","Own 300 mines",300,124,"Building achievement"
"Rocking everywhere","Have 350 mines","Building","Normal","Own 350 mines",350,125,"Building achievement"
"The meteor men beg to differ","Have 400 mines","Building","Normal","Own 400 mines",400,126,"Building achievement"
"Perforated planet","Have 450 mines","Building","Normal","Own 450 mines",450,127,"Building achievement"
"We dig it!","Have 500 mines","Building","Normal","Own 500 mines",500,128,"Building achievement"
"My world's on fire","Have 550 mines","Building","Normal","Own 550 mines",550,129,"Building achievement"
"Earth-shaker","Have 600 mines","Building","Normal","Own 600 mines",600,130,"Building achievement"
"Production chain","Have 1 factory","Building","Normal","Own 1 factory",1,131,"Building achievement"
"Industrial revolution","Have 10 factories","Building","Normal","Own 10 factories",10,132,"Building achievement"
"Global warming","Have 25 factories","Building","Normal","Own 25 factories",25,133,"Building achievement"
"Ultimate automation","Have 50 factories","Building","Normal","Own 50 factories",50,134,"Building achievement"
"Technocracy","Have 100 factories","Building","Normal","Own 100 factories",100,135,"Building achievement"
"Rise of the machines","Have 150 factories","Building","Normal","Own 150 factories",150,136,"Building achievement"
"Modern times","Have 200 factories","Building","Normal","Own 200 factories",200,137,"Building achievement"
"Ex machina","Have 250 factories","Building","Normal","Own 250 factories",250,138,"Building achievement"
"Deus Ex Machina","Have 300 factories","Building","Normal","Own 300 factories",300,139,"Building achievement"
"In full gear","Have 350 factories","Building","Normal","Own 350 factories",350,140,"Building achievement"
"Break the mold","Have 400 factories","Building","Normal","Own 400 factories",400,141,"Building achievement"
"Replaced by robots","Have 450 factories","Building","Normal","Own 450 factories",450,142,"Building achievement"
"Build to last","Have 500 factories","Building","Normal","Own 500 factories",500,143,"Building achievement"
"Assembly line","Have 550 factories","Building","Normal","Own 550 factories",550,144,"Building achievement"
"Bout of hot air","Have 600 factories","Building","Normal","Own 600 factories",600,145,"Building achievement"
"Your first bank","Have 1 bank","Building","Normal","Own 1 bank",1,146,"Building achievement"
"Pillar of economy","Have 10 banks","Building","Normal","Own 10 banks",10,147,"Building achievement"
"Capital","Have 25 banks","Building","Normal","Own 25 banks",25,148,"Building achievement"
"Vaults of plenty","Have 50 banks","Building","Normal","Own 50 banks",50,149,"Building achievement"
"The mint","Have 100 banks","Building","Normal","Own 100 banks",100,150,"Building achievement"
"Pyramid scheme","Have 150 banks","Building","Normal","Own 150 banks",150,151,"Building achievement"
"Ponzi scheme","Have 200 banks","Building","Normal","Own 200 banks",200,152,"Building achievement"
"Getting that bag","Have 250 banks","Building","Normal","Own 250 banks",250,153,"Building achievement"
"The leader is good, the leader is great","Have 300 banks","Building","Normal","Own 300 banks",300,154,"Building achievement"
"And now you're even older","Have 350 banks","Building","Normal","Own 350 banks",350,155,"Building achievement"
"A round of applause","Have 400 banks","Building","Normal","Own 400 banks",400,156,"Building achievement"
"All on deck","Have 450 banks","Building","Normal","Own 450 banks",450,157,"Building achievement"
"Beyond quality","Have 500 banks","Building","Normal","Own 500 banks",500,158,"Building achievement"
"All the stars in heaven","Have 550 banks","Building","Normal","Own 550 banks",550,159,"Building achievement"
"Sexcentennial and a half","Have 600 banks","Building","Normal","Own 600 banks",600,160,"Building achievement"
"Your first temple","Have 1 temple","Building","Normal","Own 1 temple",1,161,"Building achievement"
"A heavenly palace","Have 10 temples","Building","Normal","Own 10 temples",10,162,"Building achievement"
"The order of the cosmic","Have 25 temples","Building","Normal","Own 25 temples",25,163,"Building achievement"
"Pointless ritual","Have 50 temples","Building","Normal","Own 50 temples",50,164,"Building achievement"
"Sacrificial altar","Have 100 temples","Building","Normal","Own 100 temples",100,165,"Building achievement"
"Get with the program","Have 150 temples","Building","Normal","Own 150 temples",150,166,"Building achievement"
"Preaches and cream","Have 200 temples","Building","Normal","Own 200 temples",200,167,"Building achievement"
"Thus spoke you","Have 250 temples","Building","Normal","Own 250 temples",250,168,"Building achievement"
"It belongs in a bakery","Have 300 temples","Building","Normal","Own 300 temples",300,169,"Building achievement"
"Lovely year for it","Have 350 temples","Building","Normal","Own 350 temples",350,170,"Building achievement"
"Unprecedented precedent","Have 400 temples","Building","Normal","Own 400 temples",400,171,"Building achievement"
"That's just great","Have 450 temples","Building","Normal","Own 450 temples",450,172,"Building achievement"
"Sublime","Have 500 temples","Building","Normal","Own 500 temples",500,173,"Building achievement"
"Emerald Shrine","Have 550 temples","Building","Normal","Own 550 temples",550,174,"Building achievement"
"Jade Shrine","Have 600 temples","Building","Normal","Own 600 temples",600,175,"Building achievement"
"Bewitched","Have 1 wizard tower","Building","Normal","Own 1 wizard tower",1,176,"Building achievement"
"The sorcerer's apprentice","Have 10 wizard towers","Building","Normal","Own 10 wizard towers",10,177,"Building achievement"
"Charms and enchantments","Have 25 wizard towers","Building","Normal","Own 25 wizard towers",25,178,"Building achievement"
"Curses and maledictions","Have 50 wizard towers","Building","Normal","Own 50 wizard towers",50,179,"Building achievement"
"Magic kingdom","Have 100 wizard towers","Building","Normal","Own 100 wizard towers",100,180,"Building achievement"
"The wizarding world","Have 150 wizard towers","Building","Normal","Own 150 wizard towers",150,181,"Building achievement"
"And now for my next trick","Have 200 wizard towers","Building","Normal","Own 200 wizard towers",200,182,"Building achievement"
"Hocus Pocus","Have 250 wizard towers","Building","Normal","Own 250 wizard towers",250,183,"Building achievement"
"The Prestige","Have 300 wizard towers","Building","Normal","Own 300 wizard towers",300,184,"Building achievement"
"Sleight of hand","Have 350 wizard towers","Building","Normal","Own 350 wizard towers",350,185,"Building achievement"
"Spell it out for you","Have 400 wizard towers","Building","Normal","Own 400 wizard towers",400,186,"Building achievement"
"The Pandorica opens","Have 450 wizard towers","Building","Normal","Own 450 wizard towers",450,187,"Building achievement"
"Abra-ca-dough","Have 500 wizard towers","Building","Normal","Own 500 wizard towers",500,188,"Building achievement"
"Too many rabbits, not enough hats","Have 550 wizard towers","Building","Normal","Own 550 wizard towers",550,189,"Building achievement"
"Rhyming spell","Have 600 wizard towers","Building","Normal","Own 600 wizard towers",600,190,"Building achievement"
"Expedition","Have 1 shipment","Building","Normal","Own 1 shipment",1,191,"Building achievement"
"Galactic highway","Have 10 shipments","Building","Normal","Own 10 shipments",10,192,"Building achievement"
"Far far away","Have 25 shipments","Building","Normal","Own 25 shipments",25,193,"Building achievement"
"Type II civilization","Have 50 shipments","Building","Normal","Own 50 shipments",50,194,"Building achievement"
"We come in peace","Have 100 shipments","Building","Normal","Own 100 shipments",100,195,"Building achievement"
"Parsec-masher","Have 150 shipments","Building","Normal","Own 150 shipments",150,196,"Building achievement"
"It's not delivery","Have 200 shipments","Building","Normal","Own 200 shipments",200,197,"Building achievement"
"Make it so","Have 250 shipments","Building","Normal","Own 250 shipments",250,198,"Building achievement"
"That's just peanuts to space","Have 300 shipments","Building","Normal","Own 300 shipments",300,199,"Building achievement"
"Space space space space space","Have 350 shipments","Building","Normal","Own 350 shipments",350,200,"Building achievement"
"Warp drive","Have 400 shipments","Building","Normal","Own 400 shipments",400,201,"Building achievement"
"Boldly going","Have 450 shipments","Building","Normal","Own 450 shipments",450,202,"Building achievement"
"No nobility in poverty","Have 500 shipments","Building","Normal","Own 500 shipments",500,203,"Building achievement"
"Houston, we have a problem","Have 550 shipments","Building","Normal","Own 550 shipments",550,204,"Building achievement"
"Failure to launch","Have 600 shipments","Building","Normal","Own 600 shipments",600,205,"Building achievement"
"Transmutation","Have 1 alchemy lab","Building","Normal","Own 1 alchemy lab",1,206,"Building achievement"
"Transmogrification","Have 10 alchemy labs","Building","Normal","Own 10 alchemy labs",10,207,"Building achievement"
"Gold member","Have 25 alchemy labs","Building","Normal","Own 25 alchemy labs",25,208,"Building achievement"
"Gild wars","Have 50 alchemy labs","Building","Normal","Own 50 alchemy labs",50,209,"Building achievement"
"The secrets of the universe","Have 100 alchemy labs","Building","Normal","Own 100 alchemy labs",100,210,"Building achievement"
"The work of a lifetime","Have 150 alchemy labs","Building","Normal","Own 150 alchemy labs",150,211,"Building achievement"
"Gold, Jerry! Gold!","Have 200 alchemy labs","Building","Normal","Own 200 alchemy labs",200,212,"Building achievement"
"All that glitters is gold","Have 250 alchemy labs","Building","Normal","Own 250 alchemy labs",250,213,"Building achievement"
"Worth its weight in lead","Have 300 alchemy labs","Building","Normal","Own 300 alchemy labs",300,214,"Building achievement"
"Don't get used to yourself","Have 350 alchemy labs","Building","Normal","Own 350 alchemy labs",350,215,"Building achievement"
"Is there anything cookies can't do?","Have 400 alchemy labs","Building","Normal","Own 400 alchemy labs",400,216,"Building achievement"
"Phlogisticated substances","Have 450 alchemy labs","Building","Normal","Own 450 alchemy labs",450,217,"Building achievement"
"The philosopher's stone","Have 500 alchemy labs","Building","Normal","Own 500 alchemy labs",500,218,"Building achievement"
"Midas touch","Have 550 alchemy labs","Building","Normal","Own 550 alchemy labs",550,219,"Building achievement"
"Magnum opus","Have 600 alchemy labs","Building","Normal","Own 600 alchemy labs",600,220,"Building achievement"
"A place lost in time","Have 1 portal","Building","Normal","Own 1 portal",1,221,"Building achievement"
"Forbidden zone","Have 10 portals","Building","Normal","Own 10 portals",10,222,"Building achievement"
"Here be dragons","Have 25 portals","Building","Normal","Own 25 portals",25,223,"Building achievement"
"The other side","Have 50 portals","Building","Normal","Own 50 portals",50,224,"Building achievement"
"Dimensional shift","Have 100 portals","Building","Normal","Own 100 portals",100,225,"Building achievement"
"Cookie clicker forever","Have 150 portals","Building","Normal","Own 150 portals",150,226,"Building achievement"
"Whereas","Have 200 portals","Building","Normal","Own 200 portals",200,227,"Building achievement"
"In the long run","Have 250 portals","Building","Normal","Own 250 portals",250,228,"Building achievement"
"Shut. Down. Everything.","Have 300 portals","Building","Normal","Own 300 portals",300,229,"Building achievement"
"But wait 'til you get older","Have 350 portals","Building","Normal","Own 350 portals",350,230,"Building achievement"
"Bought the farm","Have 400 portals","Building","Normal","Own 400 portals",400,231,"Building achievement"
"Beige golfing","Have 450 portals","Building","Normal","Own 450 portals",450,232,"Building achievement"
"Eternal feasts","Have 500 portals","Building","Normal","Own 500 portals",500,233,"Building achievement"
"Think of children","Have 550 portals","Building","Normal","Own 550 portals",550,234,"Building achievement"
"The long now","Have 600 portals","Building","Normal","Own 600 portals",600,235,"Building achievement"
"Spacetime jigamaroo","Have 1 time machine","Building","Normal","Own 1 time machine",1,236,"Building achievement"
"Be kind, rewind","Have 10 time machines","Building","Normal","Own 10 time machines",10,237,"Building achievement"
"Déjà vu","Have 25 time machines","Building","Normal","Own 25 time machines",25,238,"Building achievement"
"Back to the future","Have 50 time machines","Building","Normal","Own 50 time machines",50,239,"Building achievement"
"The butterfly effect","Have 100 time machines","Building","Normal","Own 100 time machines",100,240,"Building achievement"
"Groundhog day","Have 150 time machines","Building","Normal","Own 150 time machines",150,241,"Building achievement"
"A matter of time","Have 200 time machines","Building","Normal","Own 200 time machines",200,242,"Building achievement"
"Cookiecube 64","Have 250 time machines","Building","Normal","Own 250 time machines",250,243,"Building achievement"
"Hazelrald","Have 300 time machines","Building","Normal","Own 300 time machines",300,244,"Building achievement"
"Second of your time","Have 350 time machines","Building","Normal","Own 350 time machines",350,245,"Building achievement"
"Minute imagination","Have 400 time machines","Building","Normal","Own 400 time machines",400,246,"Building achievement"
"An hour well spent","Have 450 time machines","Building","Normal","Own 450 time machines",450,247,"Building achievement"
"Patience of a saint","Have 500 time machines","Building","Normal","Own 500 time machines",500,248,"Building achievement"
"Yeah but the future refused to change","Have 550 time machines","Building","Normal","Own 550 time machines",550,249,"Building achievement"
"Invited to yesterday's party","Have 600 time machines","Building","Normal","Own 600 time machines",600,250,"Building achievement"
"Supermassive","Have 1 antimatter condenser","Building","Normal","Own 1 antimatter condenser",1,251,"Building achievement"
"Infinitesimal","Have 10 antimatter condensers","Building","Normal","Own 10 antimatter condensers",10,252,"Building achievement"
"Powers of ten","Have 25 antimatter condensers","Building","Normal","Own 25 antimatter condensers",25,253,"Building achievement"
"The CERN","Have 50 antimatter condensers","Building","Normal","Own 50 antimatter condensers",50,254,"Building achievement"
"Particle fever","Have 100 antimatter condensers","Building","Normal","Own 100 antimatter condensers",100,255,"Building achievement"
"A matter of perspective","Have 150 antimatter condensers","Building","Normal","Own 150 antimatter condensers",150,256,"Building achievement"
"Literally nothing","Have 200 antimatter condensers","Building","Normal","Own 200 antimatter condensers",200,257,"Building achievement"
"That's a spicy meat-a-ball","Have 250 antimatter condensers","Building","Normal","Own 250 antimatter condensers",250,258,"Building achievement"
"Hypersplainer","Have 300 antimatter condensers","Building","Normal","Own 300 antimatter condensers",300,259,"Building achievement"
"It does matter!","Have 350 antimatter condensers","Building","Normal","Own 350 antimatter condensers",350,260,"Building achievement"
"Exotic matter","Have 400 antimatter condensers","Building","Normal","Own 400 antimatter condensers",400,261,"Building achievement"
"Higgs baking","Have 450 antimatter condensers","Building","Normal","Own 450 antimatter condensers",450,262,"Building achievement"
"The Bohm interpretation","Have 500 antimatter condensers","Building","Normal","Own 500 antimatter condensers",500,263,"Building achievement"
"Many worlds interpretation","Have 550 antimatter condensers","Building","Normal","Own 550 antimatter condensers",550,264,"Building achievement"
"Copenhagen interpretation","Have 600 antimatter condensers","Building","Normal","Own 600 antimatter condensers",600,265,"Building achievement"
"Praise the sun","Have 1 prism","Building","Normal","Own 1 prism",1,266,"Building achievement"
"A still more glorious dawn","Have 10 prisms","Building","Normal","Own 10 prisms",10,267,"Building achievement"
"Now the dark days are gone","Have 25 prisms","Building","Normal","Own 25 prisms",25,268,"Building achievement"
"Blinding flash of insight","Have 50 prisms","Building","Normal","Own 50 prisms",50,269,"Building achievement"
"Total eclipse of the heart","Have 100 prisms","Building","Normal","Own 100 prisms",100,270,"Building achievement"
"Daybreak","Have 150 prisms","Building","Normal","Own 150 prisms",150,271,"Building achievement"
"Photochemistry","Have 200 prisms","Building","Normal","Own 200 prisms",200,272,"Building achievement"
"Palettable","Have 250 prisms","Building","Normal","Own 250 prisms",250,273,"Building achievement"
"Disposable camera","Have 300 prisms","Building","Normal","Own 300 prisms",300,274,"Building achievement"
"Red light district","Have 350 prisms","Building","Normal","Own 350 prisms",350,275,"Building achievement"
"Catching some rays","Have 400 prisms","Building","Normal","Own 400 prisms",400,276,"Building achievement"
"Ultraviolet","Have 450 prisms","Building","Normal","Own 450 prisms",450,277,"Building achievement"
"Colossal cavern","Have 500 prisms","Building","Normal","Own 500 prisms",500,278,"Building achievement"
"Vivid","Have 550 prisms","Building","Normal","Own 550 prisms",550,279,"Building achievement"
"Extra colors","Have 600 prisms","Building","Normal","Own 600 prisms",600,280,"Building achievement"
"Fingers crossed","Have 1 chancemaker","Building","Normal","Own 1 chancemaker",1,281,"Building achievement"
"Just a statistic","Have 10 chancemakers","Building","Normal","Own 10 chancemakers",10,282,"Building achievement"
"Murphy's wild guess","Have 25 chancemakers","Building","Normal","Own 25 chancemakers",25,283,"Building achievement"
"Let's leaf it at that","Have 50 chancemakers","Building","Normal","Own 50 chancemakers",50,284,"Building achievement"
"The fortunate one","Have 100 chancemakers","Building","Normal","Own 100 chancemakers",100,285,"Building achievement"
"Fortune #001","Have 150 chancemakers","Building","Normal","Own 150 chancemakers",150,286,"Building achievement"
"As luck would have it","Have 200 chancemakers","Building","Normal","Own 200 chancemakers",200,287,"Building achievement"
"Make your own fate","Have 250 chancemakers","Building","Normal","Own 250 chancemakers",250,288,"Building achievement"
"Unprecedented luck","Have 300 chancemakers","Building","Normal","Own 300 chancemakers",300,289,"Building achievement"
"A stroke of genius","Have 350 chancemakers","Building","Normal","Own 350 chancemakers",350,290,"Building achievement"
"Million to one shot doc","Have 400 chancemakers","Building","Normal","Own 400 chancemakers",400,291,"Building achievement"
"Two out of three ain't bad","Have 450 chancemakers","Building","Normal","Own 450 chancemakers",450,292,"Building achievement"
"Lucifer","Have 500 chancemakers","Building","Normal","Own 500 chancemakers",500,293,"Building achievement"
"What are the odds","Have 550 chancemakers","Building","Normal","Own 550 chancemakers",550,294,"Building achievement"
"Minuscule odds","Have 600 chancemakers","Building","Normal","Own 600 chancemakers",600,295,"Building achievement"
"The needs of the many","Have 1 fractal engine","Building","Normal","Own 1 fractal engine",1,296,"Building achievement"
"Eating its own","Have 10 fractal engines","Building","Normal","Own 10 fractal engines",10,297,"Building achievement"
"We must go deeper","Have 25 fractal engines","Building","Normal","Own 25 fractal engines",25,298,"Building achievement"
"Sierpinski rhomboids","Have 50 fractal engines","Building","Normal","Own 50 fractal engines",50,299,"Building achievement"
"Live from the Mandelbrotworld","Have 100 fractal engines","Building","Normal","Own 100 fractal engines",100,300,"Building achievement"
"The mouth of madness","Have 150 fractal engines","Building","Normal","Own 150 fractal engines",150,301,"Building achievement"
"set z=cookie.where(f''); self.clicks += 1; return 'click'","Have 200 fractal engines","Building","Normal","Own 200 fractal engines",200,302,"Building achievement"
"Everything is perforated","Have 250 fractal engines","Building","Normal","Own 250 fractal engines",250,303,"Building achievement"
"Mandala a better world","Have 300 fractal engines","Building","Normal","Own 300 fractal engines",300,304,"Building achievement"
"The dreams in which I'm baking","Have 350 fractal engines","Building","Normal","Own 350 fractal engines",350,305,"Building achievement"
"Large-scale structure formation","Have 400 fractal engines","Building","Normal","Own 400 fractal engines",400,306,"Building achievement"
"Zoom","Have 450 fractal engines","Building","Normal","Own 450 fractal engines",450,307,"Building achievement"
"Enhanced","Have 500 fractal engines","Building","Normal","Own 500 fractal engines",500,308,"Building achievement"
"Nonconvex","Have 550 fractal engines","Building","Normal","Own 550 fractal engines",550,309,"Building achievement"
"A_VERY_GOOD_infinite_game","Have 600 fractal engines","Building","Normal","Own 600 fractal engines",600,310,"Building achievement"
"Inherited prototype","Have 1 javascript console","Building","Normal","Own 1 javascript console",1,311,"Building achievement"
"A model of document object","Have 10 javascript consoles","Building","Normal","Own 10 javascript consoles",10,312,"Building achievement"
"First-class citizen","Have 25 javascript consoles","Building","Normal","Own 25 javascript consoles",25,313,"Building achievement"
"Null pointer","Have 50 javascript consoles","Building","Normal","Own 50 javascript consoles",50,314,"Building achievement"
"undefined is not a function","Have 100 javascript consoles","Building","Normal","Own 100 javascript consoles",100,315,"Building achievement"
"404 cookies not found","Have 150 javascript consoles","Building","Normal","Own 150 javascript consoles",150,316,"Building achievement"
"[object Object]","Have 200 javascript consoles","Building","Normal","Own 200 javascript consoles",200,317,"Building achievement"
"Script kiddie","Have 250 javascript consoles","Building","Normal","Own 250 javascript consoles",250,318,"Building achievement"
"Son of a batch","Have 300 javascript consoles","Building","Normal","Own 300 javascript consoles",300,319,"Building achievement"
"CAPTCHA","Have 350 javascript consoles","Building","Normal","Own 350 javascript consoles",350,320,"Building achievement"
"eval(eval(eval(document.cookie)))","Have 400 javascript consoles","Building","Normal","Own 400 javascript consoles",400,321,"Building achievement"
"Bootstring paradox","Have 450 javascript consoles","Building","Normal","Own 450 javascript consoles",450,322,"Building achievement"
"The javascript consoles are breeding","Have 500 javascript consoles","Building","Normal","Own 500 javascript consoles",500,323,"Building achievement"
"You broke the website logins","Have 550 javascript consoles","Building","Normal","Own 550 javascript consoles",550,324,"Building achievement"
"For vr = cr? f() : l(c('g','s')); typeof(vr) != 'undefined'; return vr","Have 600 javascript consoles","Building","Normal","Own 600 javascript consoles",600,325,"Building achievement"
"Fringe","Have 1 idleverse","Building","Normal","Own 1 idleverse",1,326,"Building achievement"
"Coherence","Have 10 idleverses","Building","Normal","Own 10 idleverses",10,327,"Building achievement"
"Earth-616","Have 25 idleverses","Building","Normal","Own 25 idleverses",25,328,"Building achievement"
"Strange topologies","Have 50 idleverses","Building","Normal","Own 50 idleverses",50,329,"Building achievement"
"Grand design","Have 100 idleverses","Building","Normal","Own 100 idleverses",100,330,"Building achievement"
"A universe within","Have 150 idleverses","Building","Normal","Own 150 idleverses",150,331,"Building achievement"
"The game never ends","Have 200 idleverses","Building","Normal","Own 200 idleverses",200,332,"Building achievement"
"Dimensional garbage","Have 250 idleverses","Building","Normal","Own 250 idleverses",250,333,"Building achievement"
"Alternate reality","Have 300 idleverses","Building","Normal","Own 300 idleverses",300,334,"Building achievement"
"And I thought WE were ambitious...","Have 350 idleverses","Building","Normal","Own 350 idleverses",350,335,"Building achievement"
"Episode 2","Have 400 idleverses","Building","Normal","Own 400 idleverses",400,336,"Building achievement"
"Where is my mind","Have 450 idleverses","Building","Normal","Own 450 idleverses",450,337,"Building achievement"
"Sitting on the dock of the bay","Have 500 idleverses","Building","Normal","Own 500 idleverses",500,338,"Building achievement"
"This isn't even my final form!","Have 550 idleverses","Building","Normal","Own 550 idleverses",550,339,"Building achievement"
"What does it all mean","Have 600 idleverses","Building","Normal","Own 600 idleverses",600,340,"Building achievement"
"Positive thinking","Have 1 cortex baker","Building","Normal","Own 1 cortex baker",1,341,"Building achievement"
"The thought that counts","Have 10 cortex bakers","Building","Normal","Own 10 cortex bakers",10,342,"Building achievement"
"Unthinkable","Have 25 cortex bakers","Building","Normal","Own 25 cortex bakers",25,343,"Building achievement"
"Gifted","Have 50 cortex bakers","Building","Normal","Own 50 cortex bakers",50,344,"Building achievement"
"Bright","Have 100 cortex bakers","Building","Normal","Own 100 cortex bakers",100,345,"Building achievement"
"Smart cookies","Have 150 cortex bakers","Building","Normal","Own 150 cortex bakers",150,346,"Building achievement"
"Intelligent design","Have 200 cortex bakers","Building","Normal","Own 200 cortex bakers",200,347,"Building achievement"
"Mindfulness","Have 250 cortex bakers","Building","Normal","Own 250 cortex bakers",250,348,"Building achievement"
"Consciousness","Have 300 cortex bakers","Building","Normal","Own 300 cortex bakers",300,349,"Building achievement"
"A novel idea","Have 350 cortex bakers","Building","Normal","Own 350 cortex bakers",350,350,"Building achievement"
"Nervous about thinking","Have 400 cortex bakers","Building","Normal","Own 400 cortex bakers",400,351,"Building achievement"
"Neural networks","Have 450 cortex bakers","Building","Normal","Own 450 cortex bakers",450,352,"Building achievement"
"A brain full of cookies","Have 500 cortex bakers","Building","Normal","Own 500 cortex bakers",500,353,"Building achievement"
"A thinking machine","Have 550 cortex bakers","Building","Normal","Own 550 cortex bakers",550,354,"Building achievement"
"Cognitive bias","Have 600 cortex bakers","Building","Normal","Own 600 cortex bakers",600,355,"Building achievement"
"Self-made","Have 1 you","Building","Normal","Own 1 you",1,356,"Building achievement"
"Reproducible results","Have 10 yous","Building","Normal","Own 10 yous",10,357,"Building achievement"
"That's all you","Have 25 yous","Building","Normal","Own 25 yous",25,358,"Building achievement"
"Self-improvement","Have 50 yous","Building","Normal","Own 50 yous",50,359,"Building achievement"
"Be yourself","Have 100 yous","Building","Normal","Own 100 yous",100,360,"Building achievement"
"Know yourself","Have 150 yous","Building","Normal","Own 150 yous",150,361,"Building achievement"
"Accept yourself","Have 200 yous","Building","Normal","Own 200 yous",200,362,"Building achievement"
"Love yourself","Have 250 yous","Building","Normal","Own 250 yous",250,363,"Building achievement"
"Unnatural selection","Have 300 yous","Building","Normal","Own 300 yous",300,364,"Building achievement"
"Autoerotic","Have 350 yous","Building","Normal","Own 350 yous",350,365,"Building achievement"
"Yes homo","Have 400 yous","Building","Normal","Own 400 yous",400,366,"Building achievement"
"Perfect ratio","Have 450 yous","Building","Normal","Own 450 yous",450,367,"Building achievement"
"Devour yourself","Have 500 yous","Building","Normal","Own 500 yous",500,368,"Building achievement"
"Now the serpent was more crafty","Have 550 yous","Building","Normal","Own 550 yous",550,369,"Building achievement"
"Ouroboros","Have 600 yous","Building","Normal","Own 600 yous",600,370,"Building achievement"
"Builder","Own 100 buildings","Milestone","Normal","Own 100 buildings total",100,371,"Total buildings milestone"
"Architect","Own 500 buildings","Milestone","Normal","Own 500 buildings total",500,372,"Total buildings milestone"
"Engineer","Own 1,000 buildings","Milestone","Normal","Own 1,000 buildings total",1000,373,"Total buildings milestone"
"Lord of Constructs","Own 2,000 buildings","Milestone","Normal","Own 2,000 buildings total",2000,374,"Total buildings milestone"
"Grand design","Own 4,000 buildings","Milestone","Normal","Own 4,000 buildings total",4000,375,"Total buildings milestone"
"Ecumenopolis","Own 6,000 buildings","Milestone","Normal","Own 6,000 buildings total",6000,376,"Total buildings milestone"
"Myriad","Own 8,000 buildings","Milestone","Normal","Own 8,000 buildings total",8000,377,"Total buildings milestone"
"Centennial and a half","Own 10,000 buildings","Milestone","Normal","Own 10,000 buildings total",10000,378,"Total buildings milestone"
"Wholesome","Own 12,000 buildings","Milestone","Normal","Own 12,000 buildings total",12000,379,"Total buildings milestone"
"Mathematician","Own 14,000 buildings","Milestone","Normal","Own 14,000 buildings total",14000,380,"Total buildings milestone"
"One with everything","Own 15,000 buildings","Milestone","Normal","Own 15,000 buildings total",15000,381,"Total buildings milestone"
"Golden cookie","Click 1 golden cookie","Golden Cookie","Normal","Click 1 golden cookie",1,382,"Golden cookie achievement"
"Lucky cookie","Click 7 golden cookies","Golden Cookie","Normal","Click 7 golden cookies",7,383,"Golden cookie achievement"
"A stroke of luck","Click 27 golden cookies","Golden Cookie","Normal","Click 27 golden cookies",27,384,"Golden cookie achievement"
"Fortune","Click 77 golden cookies","Golden Cookie","Normal","Click 77 golden cookies",77,385,"Golden cookie achievement"
"Leprechaun","Click 777 golden cookies","Golden Cookie","Normal","Click 777 golden cookies",777,386,"Golden cookie achievement"
"Black cat's paw","Click 7,777 golden cookies","Golden Cookie","Normal","Click 7,777 golden cookies",7777,387,"Golden cookie achievement"
"Jackpot","Click 77,777 golden cookies","Golden Cookie","Normal","Click 77,777 golden cookies",77777,388,"Golden cookie achievement"
"Early bird","Click a golden cookie less than 1 second after it spawns","Golden Cookie","Normal","Click golden cookie within 1 second of spawn",1,389,"Golden cookie timing"
"Fading luck","Click a golden cookie less than 1 second before it disappears","Golden Cookie","Normal","Click golden cookie within 1 second before fade",1,390,"Golden cookie timing"
"Click delegator","Use 1,000 cursors to click the golden cookie for you","Golden Cookie","Normal","Click golden cookie while having 1,000 cursors",1000,391,"Golden cookie with cursors"
"Grandmapocalypse","Enter the Grandmapocalypse","Grandmapocalypse","Normal","Purchase One Mind upgrade",1,392,"Grandmapocalypse achievement"
"Wrath cookie","Click a wrath cookie","Grandmapocalypse","Normal","Click a wrath cookie during Grandmapocalypse",1,393,"Grandmapocalypse achievement"
"Elder slayer","Pop 10 wrinklers","Grandmapocalypse","Normal","Pop 10 wrinklers",10,394,"Wrinkler achievement"
"Elder legend","Pop 100 wrinklers","Grandmapocalypse","Normal","Pop 100 wrinklers",100,395,"Wrinkler achievement"
"Elder god","Pop 1,000 wrinklers","Grandmapocalypse","Normal","Pop 1,000 wrinklers",1000,396,"Wrinkler achievement"
"Wrinkler poker","Pop 200 wrinklers in one ascension","Grandmapocalypse","Normal","Pop 200 wrinklers in single ascension",200,397,"Wrinkler achievement"
"Itchscratcher","Pop 50 wrinklers","Grandmapocalypse","Normal","Pop 50 wrinklers",50,398,"Wrinkler achievement"
"Wrinklesquisher","Pop 500 wrinklers","Grandmapocalypse","Normal","Pop 500 wrinklers",500,399,"Wrinkler achievement"
"Sugar rush","Harvest 1 sugar lump","Sugar Lump","Normal","Harvest 1 sugar lump",1,400,"Sugar lump achievement"
"Sweet","Harvest 10 sugar lumps","Sugar Lump","Normal","Harvest 10 sugar lumps",10,401,"Sugar lump achievement"
"My lumps","Harvest 50 sugar lumps","Sugar Lump","Normal","Harvest 50 sugar lumps",50,402,"Sugar lump achievement"
"Sugar high","Harvest 100 sugar lumps","Sugar Lump","Normal","Harvest 100 sugar lumps",100,403,"Sugar lump achievement"
"Sweetmeats","Harvest 250 sugar lumps","Sugar Lump","Normal","Harvest 250 sugar lumps",250,404,"Sugar lump achievement"
"Candied","Harvest 1,000 sugar lumps","Sugar Lump","Normal","Harvest 1,000 sugar lumps",1000,405,"Sugar lump achievement"
"Split the lump","Harvest a bifurcated sugar lump","Sugar Lump","Special","Harvest bifurcated lump",1,406,"Special sugar lump"
"Maillard reaction","Harvest a caramelized sugar lump","Sugar Lump","Special","Harvest caramelized lump",1,407,"Special sugar lump"
"Reincarnation","Ascend once","Ascension","Normal","Ascend once",1,408,"Ascension achievement"
"Transcendence","Ascend 10 times","Ascension","Normal","Ascend 10 times",10,409,"Ascension achievement"
"Rebirth","Ascend 100 times","Ascension","Normal","Ascend 100 times",100,410,"Ascension achievement"
"Afterlife","Ascend 1,000 times","Ascension","Normal","Ascend 1,000 times",1000,411,"Ascension achievement"
"Reborn again","Ascend 10,000 times","Ascension","Normal","Ascend 10,000 times",10000,412,"Ascension achievement"
"Resurrection","Ascend 1 million times","Ascension","Normal","Ascend 1 million times",1000000,413,"Ascension achievement"
"To crumbs, you say?","Ascend with 1 duodecillion cookies baked","Ascension","Normal","Ascend with 1 duodecillion cookies baked",1000000000000000000000000000000000000000,414,"Ascension with high cookies"
"Lovely cookies","Unlock every Valentine-themed cookie","Season","Valentine","Buy all 7 valentine cookies",7,415,"Valentine achievement"
"Spooky cookies","Unlock every Halloween-themed cookie","Season","Halloween","Buy all 7 halloween cookies",7,416,"Halloween achievement"
"Let it snow","Unlock every Christmas-themed cookie","Season","Christmas","Buy all reindeer cookies",13,417,"Christmas achievement"
"Coming to town","Reach Santa's 7th form","Season","Christmas","Upgrade Santa to level 7",7,418,"Christmas Santa"
"All hail Santa","Reach Santa's final form","Season","Christmas","Upgrade Santa to final level",15,419,"Christmas Santa final"
"Oh deer","Pop 1 reindeer","Season","Christmas","Click 1 reindeer",1,420,"Christmas reindeer"
"Sleigh of hand","Pop 50 reindeer","Season","Christmas","Click 50 reindeer",50,421,"Christmas reindeer"
"Reindeer sleigher","Pop 200 reindeer","Season","Christmas","Click 200 reindeer",200,422,"Christmas reindeer"
"Eldeer","Pop a reindeer during elder frenzy","Season","Christmas","Click reindeer during elder frenzy",1,423,"Special Christmas achievement"
"Ho ho ho","Pop 2,020 reindeer","Season","Christmas","Click 2,020 reindeer",2020,424,"Christmas reindeer milestone"
"Eggstra","Unlock 1 egg","Season","Easter","Unlock 1 easter egg",1,425,"Easter achievement"
"Eggcellent","Unlock 7 eggs","Season","Easter","Unlock 7 easter eggs",7,426,"Easter achievement"
"Mass Easteria","Unlock 14 eggs","Season","Easter","Unlock 14 easter eggs",14,427,"Easter achievement"
"Hide & seek champion","Unlock all the eggs","Season","Easter","Unlock all 20 easter eggs",20,428,"Easter complete"
"Plain milk","Unlock plain milk","Miscellaneous","Normal","Earn first achievement",1,429,"Milk achievement"
"Chocolate milk","Unlock chocolate milk","Miscellaneous","Normal","Earn enough achievements for chocolate milk",10,430,"Milk achievement"
"Strawberry milk","Unlock strawberry milk","Miscellaneous","Normal","Earn enough achievements for strawberry milk",25,431,"Milk achievement"
"Banana milk","Unlock banana milk","Miscellaneous","Normal","Earn enough achievements for banana milk",50,432,"Milk achievement"
"Coconut milk","Unlock coconut milk","Miscellaneous","Normal","Earn enough achievements for coconut milk",100,433,"Milk achievement"
"Soy milk","Unlock soy milk","Miscellaneous","Normal","Earn enough achievements for soy milk",150,434,"Milk achievement"
"Caramel milk","Unlock caramel milk","Miscellaneous","Normal","Earn enough achievements for caramel milk",200,435,"Milk achievement"
"Raspberry milk","Unlock raspberry milk","Miscellaneous","Normal","Earn enough achievements for raspberry milk",250,436,"Milk achievement"
"Orange milk","Unlock orange milk","Miscellaneous","Normal","Earn enough achievements for orange milk",300,437,"Milk achievement"
"Blueberry milk","Unlock blueberry milk","Miscellaneous","Normal","Earn enough achievements for blueberry milk",350,438,"Milk achievement"
"Honey milk","Unlock honey milk","Miscellaneous","Normal","Earn enough achievements for honey milk",400,439,"Milk achievement"
"Cinnamon milk","Unlock cinnamon milk","Miscellaneous","Normal","Earn enough achievements for cinnamon milk",450,440,"Milk achievement"
"Mint milk","Unlock mint milk","Miscellaneous","Normal","Earn enough achievements for mint milk",500,441,"Milk achievement"
"Blackberry milk","Unlock blackberry milk","Miscellaneous","Normal","Earn enough achievements for blackberry milk",550,442,"Milk achievement"
"Tiny cookie","Click the tiny cookie","Miscellaneous","Normal","Click the tiny cookie on stats screen",1,443,"Hidden click achievement"
"Here you go","Give 1 cookie to research facility","Miscellaneous","Normal","Donate to research facility",1,444,"Donation achievement"
"All natural","Harvest 1,000 plants from the garden","Miscellaneous","Normal","Harvest 1,000 garden plants",1000,445,"Garden achievement"
"Fickle cicadas","Have Shimmers appear 8 times in a row","Miscellaneous","Normal","Get 8 shimmers in a row",8,446,"Shimmer achievement"
"Seven horseshoes","Click 27,777 golden cookies","Golden Cookie","Shadow","Click 27,777 golden cookies",27777,447,"Shadow achievement - extensive clicking"
"Four-leaf cookie","Have 4 golden cookies simultaneously","Golden Cookie","Shadow","Have 4 golden cookies on screen at once",4,448,"Shadow achievement - very difficult"
"True Neverclick","Make 1 million cookies without ever clicking the big cookie","Shadow","Shadow","Reach 1 million cookies without clicking big cookie",1000000,449,"Shadow achievement - requires golden cookies only"
"Neverclick","Make 1 million cookies having only clicked the big cookie 15 times","Shadow","Shadow","Reach 1 million cookies with max 15 big cookie clicks",15,450,"Shadow achievement - limited clicking"
"Hardcore","Get to 1 billion cookies baked with no heavenly chips","Shadow","Shadow","Reach 1 billion cookies with 0 heavenly chips",1000000000,451,"Shadow achievement - fresh start only"
"Speed baking I","Get to 1 million cookies baked in 35 minutes","Shadow","Shadow","Reach 1 million cookies in 35 minutes",1000000,452,"Shadow achievement - speed challenge"
"Speed baking II","Get to 1 million cookies baked in 25 minutes","Shadow","Shadow","Reach 1 million cookies in 25 minutes",1000000,453,"Shadow achievement - speed challenge"
"Speed baking III","Get to 1 million cookies baked in 15 minutes","Shadow","Shadow","Reach 1 million cookies in 15 minutes",1000000,454,"Shadow achievement - speed challenge"
"Getting over it","Ascend with 1 million cookies baked","Shadow","Shadow","Ascend having baked 1 million cookies",1000000,455,"Shadow achievement - early ascension"
"Sacrifice","Reset your game with 1 million cookies baked","Shadow","Shadow","Reset with 1 million cookies baked",1000000,456,"Shadow achievement - cascading"
"Oblivion","Reset your game with 1 billion cookies baked","Shadow","Shadow","Reset with 1 billion cookies baked",1000000000,457,"Shadow achievement - cascading"
"From scratch","Reset your game with 1 trillion cookies baked","Shadow","Shadow","Reset with 1 trillion cookies baked",1000000000000,458,"Shadow achievement - cascading"
"Nihilism","Reset your game with 1 quadrillion cookies baked","Shadow","Shadow","Reset with 1 quadrillion cookies baked",1000000000000000,459,"Shadow achievement - cascading"
"Uncanny clicker","Click really really fast","Shadow","Shadow","Achieve 15+ clicks per second",15,460,"Shadow achievement - clicking speed"
"Elder nap","Appease the grandmatriarchs at least once","Shadow","Shadow","Use Elder Pledge at least once",1,461,"Shadow achievement - Grandmapocalypse"
"Elder slumber","Appease the grandmatriarchs at least 5 times","Shadow","Shadow","Use Elder Pledge 5 times",5,462,"Shadow achievement - Grandmapocalypse"
"Elder calm","Declare a covenant with the grandmatriarchs","Shadow","Shadow","Purchase Elder Covenant",1,463,"Shadow achievement - Grandmapocalypse"
"Just plain lucky","Have a 1 in 500,000 chance every second of earning this","Shadow","Shadow","Random chance achievement",500000,464,"Shadow achievement - pure luck"
"Dunk the cookie","Dunk the cookie in milk","Shadow","Shadow","Resize window so cookie is submerged in milk when clicked",1,465,"Shadow achievement - screen manipulation"
"Cookie-dunker","Dunk the cookie","Shadow","Shadow","Dunk the cookie in milk",1,466,"Shadow achievement - same as above"
"Cheated cookies taste awful","Cheat or use console","Shadow","Shadow","Open browser console or cheat",1,467,"Shadow achievement - opens when console accessed"
"All-natural cane sugar","Harvest a golden sugar lump","Shadow","Sugar Lump","Harvest golden sugar lump",1,468,"Shadow achievement - rare sugar lump"
"Endless cycle","Ascend 1,000 times","Shadow","Ascension","Ascend 1,000 times",1000,469,"Shadow achievement - many ascensions"
"Third-party","Use an add-on","Shadow","External","Use external addon",1,470,"Shadow achievement - addon usage"
"Last chance to see","Burst the near-extinct shiny wrinkler","Shadow","Wrinkler","Pop shiny wrinkler",1,471,"Shadow achievement - rare wrinkler"
"Gaseous assets","Have your stock profits surpass a whole year of CpS","Stock Market","Special","Stock profits exceed yearly CpS",1,472,"Stock market achievement"
"Pyramid scheme","Unlock 100 upgrades","Upgrade","Normal","Buy 100 upgrades",100,473,"Upgrade milestone"
"Jellybeans taste the rainbow","Unlock 200 upgrades","Upgrade","Normal","Buy 200 upgrades",200,474,"Upgrade milestone"
"Upgrader","Unlock 300 upgrades","Upgrade","Normal","Buy 300 upgrades",300,475,"Upgrade milestone"
"End of the line","Unlock 400 upgrades","Upgrade","Normal","Buy 400 upgrades",400,476,"Upgrade milestone"
"Bicentennial","Unlock 500 upgrades","Upgrade","Normal","Buy 500 upgrades",500,477,"Upgrade milestone"
"Sexcentennial","Unlock 600 upgrades","Upgrade","Normal","Buy 600 upgrades",600,478,"Upgrade milestone"
"Septcentennial","Unlock 700 upgrades","Upgrade","Normal","Buy 700 upgrades",700,479,"Upgrade milestone"
"Octocentennial","Unlock 800 upgrades","Upgrade","Normal","Buy 800 upgrades",800,480,"Upgrade milestone"
"No time like the present","Redeem a cookie gift code","Gift","Special","Use gift code system",1,481,"Special achievement"
"Prancing deer","Click a reindeer","Seasonal","Christmas","Click a reindeer during Christmas",1,482,"Christmas achievement"
"Stocking stuffer","Click 50 reindeer","Seasonal","Christmas","Click 50 reindeer during Christmas",50,483,"Christmas achievement"
"Dashing through the dough","Click 200 reindeer","Seasonal","Christmas","Click 200 reindeer during Christmas",200,484,"Christmas achievement"
"Seasonal sweetener","Own 1,000 seasonal cookies","Seasonal","Normal","Own 1,000 seasonal cookies",1000,485,"Seasonal achievement"
"A festive frenzy","Collect 200 seasonal cookies","Seasonal","Normal","Collect 200 seasonal cookies",200,486,"Seasonal achievement"
"Hardcore baking","Bake 1 million cookies in one ascension without purchasing any upgrades","Hardcore","Shadow","Bake 1 million without upgrades",1000000,487,"Shadow achievement - no upgrades challenge"
"Base 10","Have 10 of everything","Everything","Normal","Have 10 of all buildings",10,488,"Milestone achievement"
"Centennial","Have at least 100 of everything","Milestone","Normal","At least 100 of each building",100,489,"Building milestone"
"Bicentennial","Have at least 200 of everything","Milestone","Normal","At least 200 of each building",200,490,"Building milestone"
"Tricentennial","Have at least 300 of everything","Milestone","Normal","At least 300 of each building",300,491,"Building milestone"
"Quadricentennial","Have at least 400 of everything","Milestone","Normal","At least 400 of each building",400,492,"Building milestone"
"Quincentennial","Have at least 500 of everything","Milestone","Normal","At least 500 of each building",500,493,"Building milestone"
"Sexcentennial","Have at least 600 of everything","Milestone","Normal","At least 600 of each building",600,494,"Building milestone"
"Septcentennial","Have at least 700 of everything","Milestone","Normal","At least 700 of each building",700,495,"Building milestone"
"A need for seed","Harvest 100 plants in the garden","Garden","Normal","Harvest 100 garden plants",100,496,"Garden achievement"
"Garden variety","Harvest 500 plants in the garden","Garden","Normal","Harvest 500 garden plants",500,497,"Garden achievement"
"Seedling","Plant your first seed in the garden","Garden","Normal","Plant first seed",1,498,"Garden achievement"
"Green fingers","Harvest 10 mature plants in one harvest","Garden","Normal","Harvest 10 mature plants at once",10,499,"Garden achievement"
"Seedless to nay","Plant 100 plants in the garden","Garden","Normal","Plant 100 seeds",100,500,"Garden achievement"
"Tabloid addiction","Click 50 news ticker items","News","Normal","Click 50 news ticker updates",50,501,"News achievement"
"Clickbait","Click 200 news ticker items","News","Normal","Click 200 news ticker updates",200,502,"News achievement"
"Fake news","Click 500 news ticker items","News","Normal","Click 500 news ticker updates",500,503,"News achievement"
"World-famous","Have your bakery get featured in the news 50 times","News","Normal","50 news ticker mentions",50,504,"News achievement"
"Tabloid sensation","Have your bakery get featured in the news 100 times","News","Normal","100 news ticker mentions",100,505,"News achievement"
"Nil zero zilch","Get 1 trillion cookies from wrinklers","Wrinkler","Normal","Gain 1 trillion from wrinklers",1000000000000,506,"Wrinkler production"
"Spiderwebs","Get 1 quadrillion cookies from wrinklers","Wrinkler","Normal","Gain 1 quadrillion from wrinklers",1000000000000000,507,"Wrinkler production"
"Dusty","Get 1 quintillion cookies from wrinklers","Wrinkler","Normal","Gain 1 quintillion from wrinklers",1000000000000000000,508,"Wrinkler production"
"Cobwebs","Get 1 sextillion cookies from wrinklers","Wrinkler","Normal","Gain 1 sextillion from wrinklers",1000000000000000000000,509,"Wrinkler production"
"Cookie crumbs","Have spent over 1 day worth of sugar lumps upgrading buildings","Sugar Lump","Normal","Spend 24+ sugar lumps on building upgrades",24,510,"Sugar lump spending"
"Wholesome and sweet","Upgrade all buildings to at least level 1","Building Upgrade","Normal","All buildings level 1+",1,511,"Building upgrade milestone"
"Sweet setup","Upgrade all buildings to at least level 5","Building Upgrade","Normal","All buildings level 5+",5,512,"Building upgrade milestone"
"Sweetness and light","Upgrade all buildings to at least level 10","Building Upgrade","Normal","All buildings level 10+",10,513,"Building upgrade milestone"
"Keeper of the conservatory","Unlock all garden plants","Garden","Normal","Unlock all plant species",1,514,"Garden completion"
"Perfected agriculture","Have a complete garden of mature plants","Garden","Normal","Fill garden with mature plants",1,515,"Garden completion"
"Polymath","Have 1 of every grandma type","Grandma","Normal","Own 1 of each grandma type",1,516,"Grandma variety"
"Exotic tastes","Have 1,000 of every grandma type","Grandma","Normal","1,000 of each grandma type",1000,517,"Grandma milestone"
"One mind","Unlock the One Mind upgrade","Grandmapocalypse","Normal","Buy One Mind upgrade",1,518,"Grandmapocalypse start"
"You get nothing","Have a golden cookie spawn with less than 1 second left on a buff","Golden Cookie","Shadow","Golden cookie spawns with <1s buff remaining",1,519,"Shadow achievement - unlucky timing"
"What did we even eat before these","Have a golden cookie spawn during Click frenzy with building special activated","Golden Cookie","Shadow","Golden cookie during Click frenzy + building special",1,520,"Shadow achievement - complex buff timing"
"F12","Open the console","Debug","Shadow","Open browser developer console",1,521,"Shadow achievement - console access"
"Variable success","Modify a game variable using the console","Debug","Shadow","Change game variable via console",1,522,"Shadow achievement - console modification"
"No comments","Finish a speedrun","Speedrun","Shadow","Complete a challenge speedrun",1,523,"Shadow achievement - speedrun completion"
"Heavy flow","Get a cookie storm with a sugar frenzy active","Sugar","Shadow","Cookie storm during sugar frenzy",1,524,"Shadow achievement - rare combo"
"Olden Golden","Click 10 golden cookies in one ascension","Golden Cookie","Shadow","Click 10 golden cookies in one ascension",10,525,"Shadow achievement - single ascension goal"
"Caramelized","Harvest 10 caramelized sugar lumps","Sugar Lump","Shadow","Harvest 10 caramelized lumps",10,526,"Shadow achievement - special lumps"
"Layered upon layers","Ascend 1,000 times","Ascension","Normal","Ascend 1,000 times",1000,527,"High ascension count"
"When the cookies ascend just right","Ascend with exactly 1 trillion cookies","Ascension","Shadow","Ascend with exactly 1 trillion cookies",1000000000000,528,"Shadow achievement - precise number"
"You get nothing good day sir","Have 10 buildings costing 1 duodecillion each","Building Cost","Normal","10 buildings at 1 duodecillion each",10,529,"High cost milestone"
"Fledgling company","Have 100 portals","Portal","Normal","Have 100 portals",100,530,"Portal milestone"
"From scratch","Bake 1 trillion cookies in one ascension","Baking","Normal","Bake 1 trillion in one ascension",1000000000000,531,"Single ascension baking"
"Let me get uhhh","Ascend with 10 undecillion cookies baked","Baking","Normal","Ascend with 10 undecillion baked",10000000000000000000000000000000000000,532,"Very high cookie ascension"
"Pray on the weak","Ascend with 1 duodecillion cookies baked","Baking","Normal","Ascend with 1 duodecillion baked",1000000000000000000000000000000000000000,533,"Extremely high cookie ascension"
"Not even close","Have 10 of all the highest tier buildings","Building","Normal","10 of highest tier buildings",10,534,"High tier building milestone"
"Humble rebeginnings","Ascend for the first time","Ascension","Normal","First ascension",1,535,"First ascension achievement"
"Still just a statistic","Have 100 chancemakers","Chancemaker","Normal","Own 100 chancemakers",100,536,"Chancemaker milestone"
"Dissolution","Ascend 1 billion times","Ascension","Normal","Ascend 1 billion times",1000000000,537,"Extreme ascension count"
"Can we get much higher","Reach 100 octillion CpS","CpS","Milestone","Reach 100 octillion CpS",100000000000000000000000000000,538,"Very high CpS milestone"
"So high","Reach 1 nonillion CpS","CpS","Milestone","Reach 1 nonillion CpS",1000000000000000000000000000000,539,"Extremely high CpS milestone"